[{"pk": 1, "model": "assignments.assignmentgroup", "fields": {"course": 2, "name": "Homework", "weight": 70}}, {"pk": 2, "model": "assignments.assignmentgroup", "fields": {"course": 2, "name": "Tests", "weight": 20}}, {"pk": 3, "model": "assignments.assignmentgroup", "fields": {"course": 2, "name": "Presentations", "weight": 10}}, {"pk": 4, "model": "assignments.assignmentgroup", "fields": {"course": 1, "name": "Homework", "weight": null}}, {"pk": 5, "model": "assignments.assignmentgroup", "fields": {"course": 1, "name": "Tests", "weight": null}}, {"pk": 6, "model": "assignments.assignmentgroup", "fields": {"course": 1, "name": "Presentations", "weight": null}}, {"pk": 1, "model": "assignments.assignment", "fields": {"due_date": "2010-09-30 13:00:00", "group": 1, "name": "Homework 1", "viewable_date": "2010-09-10 13:00:00", "possible_score": 20, "course": 2, "change_date": "2010-09-10 21:08:40", "type": "c", "description": "First Homework."}}, {"pk": 2, "model": "assignments.assignment", "fields": {"due_date": "2010-10-14 13:00:00", "group": 1, "name": "Homework 2", "viewable_date": "2010-09-10 13:00:00", "possible_score": 20, "course": 2, "change_date": "2010-09-10 21:09:19", "type": "s", "description": "Second Homework."}}, {"pk": 3, "model": "assignments.assignment", "fields": {"due_date": "2010-09-23 13:00:00", "group": 1, "name": "Homework 3", "viewable_date": "2010-09-09 13:00:00", "possible_score": null, "course": 2, "change_date": "2010-09-09 15:59:13", "type": "o", "description": "Third Homework."}}, {"pk": 4, "model": "assignments.assignment", "fields": {"due_date": "2010-07-31 13:00:00", "group": 2, "name": "Test 1", "viewable_date": null, "possible_score": 100, "course": 2, "change_date": "2010-07-18 16:54:17", "type": "c", "description": "First Test."}}, {"pk": 5, "model": "assignments.assignment", "fields": {"due_date": "2010-07-30 13:00:00", "group": 4, "name": "Homework 1", "viewable_date": null, "possible_score": 20, "course": 1, "change_date": "2010-07-18 17:31:25", "type": "c", "description": "First Homework."}}, {"pk": 6, "model": "assignments.assignment", "fields": {"due_date": "2010-07-31 13:00:00", "group": 4, "name": "Homework 2", "viewable_date": null, "possible_score": 20, "course": 1, "change_date": "2010-07-18 17:31:39", "type": "s", "description": "Second Homework."}}, {"pk": 7, "model": "assignments.assignment", "fields": {"due_date": "2010-07-31 13:00:00", "group": 4, "name": "Homework 3", "viewable_date": null, "possible_score": null, "course": 1, "change_date": "2010-07-18 17:32:07", "type": "o", "description": "Third Homework."}}, {"pk": 8, "model": "assignments.assignment", "fields": {"due_date": "2010-07-31 13:00:00", "group": 5, "name": "Test 1", "viewable_date": null, "possible_score": 100, "course": 1, "change_date": "2010-07-18 17:32:24", "type": "c", "description": "First Homework."}}, {"pk": 9, "model": "assignments.assignment", "fields": {"due_date": "2010-09-16 13:00:00", "group": 1, "name": "Homework 4", "viewable_date": "2010-09-16 13:00:00", "possible_score": 20, "course": 2, "change_date": "2010-09-09 16:40:56", "type": "c", "description": "Fourth Homework."}}, {"pk": 1, "model": "assignments.assignmentsubmission", "fields": {"status": 1, "assignment": 1, "comments": "", "score": 20, "user": 3, "text": "", "date": "2010-07-30 18:57:43"}}, {"pk": 2, "model": "assignments.assignmentsubmission", "fields": {"status": 1, "assignment": 1, "comments": "", "score": 15, "user": 4, "text": "", "date": "2010-07-30 18:57:43"}}, {"pk": 3, "model": "assignments.assignmentsubmission", "fields": {"status": 1, "assignment": 1, "comments": "", "score": null, "user": 5, "text": "", "date": "2010-07-30 20:47:11"}}, {"pk": 4, "model": "assignments.assignmentsubmission", "fields": {"status": 1, "assignment": 2, "comments": "", "score": 20, "user": 3, "text": "Text for submission.", "date": "2010-07-18 17:29:08"}}, {"pk": 5, "model": "assignments.assignmentsubmission", "fields": {"status": 1, "assignment": 2, "comments": "", "score": 15, "user": 4, "text": "", "date": "2010-10-04 23:25:23"}}, {"pk": 6, "model": "assignments.assignmentsubmission", "fields": {"status": null, "assignment": 2, "comments": "", "score": null, "user": 5, "text": "", "date": "2010-07-18 17:02:20"}}, {"pk": 8, "model": "assignments.assignmentsubmission", "fields": {"status": 1, "assignment": 3, "comments": "", "score": 15, "user": 4, "text": "", "date": "2010-07-26 15:59:17"}}, {"pk": 9, "model": "assignments.assignmentsubmission", "fields": {"status": 1, "assignment": 3, "comments": "", "score": null, "user": 5, "text": "", "date": "2010-07-26 15:59:17"}}, {"pk": 10, "model": "assignments.assignmentsubmission", "fields": {"status": 1, "assignment": 4, "comments": "", "score": 100, "user": 3, "text": "", "date": "2010-07-18 17:30:32"}}, {"pk": 11, "model": "assignments.assignmentsubmission", "fields": {"status": 1, "assignment": 4, "comments": "", "score": 75, "user": 4, "text": "", "date": "2010-07-18 17:30:32"}}, {"pk": 12, "model": "assignments.assignmentsubmission", "fields": {"status": 1, "assignment": 4, "comments": "", "score": null, "user": 5, "text": "", "date": "2010-07-18 17:30:32"}}, {"pk": 13, "model": "assignments.assignmentsubmission", "fields": {"status": 1, "assignment": 5, "comments": "", "score": 20, "user": 3, "text": "", "date": "2010-07-18 17:32:32"}}, {"pk": 14, "model": "assignments.assignmentsubmission", "fields": {"status": 1, "assignment": 5, "comments": "", "score": 15, "user": 4, "text": "", "date": "2010-07-18 17:32:32"}}, {"pk": 15, "model": "assignments.assignmentsubmission", "fields": {"status": 1, "assignment": 5, "comments": "", "score": null, "user": 5, "text": "", "date": "2010-07-18 17:32:32"}}, {"pk": 16, "model": "assignments.assignmentsubmission", "fields": {"status": 1, "assignment": 8, "comments": "", "score": 100, "user": 3, "text": "", "date": "2010-07-18 17:32:42"}}, {"pk": 17, "model": "assignments.assignmentsubmission", "fields": {"status": 1, "assignment": 8, "comments": "", "score": 75, "user": 4, "text": "", "date": "2010-07-18 17:32:42"}}, {"pk": 18, "model": "assignments.assignmentsubmission", "fields": {"status": 1, "assignment": 8, "comments": "", "score": null, "user": 5, "text": "", "date": "2010-07-18 17:32:42"}}, {"pk": 19, "model": "assignments.assignmentsubmission", "fields": {"status": null, "assignment": 7, "comments": "", "score": 20, "user": 3, "text": "", "date": "2010-07-18 17:50:15"}}, {"pk": 20, "model": "assignments.assignmentsubmission", "fields": {"status": null, "assignment": 7, "comments": "", "score": 15, "user": 4, "text": "", "date": "2010-07-18 17:54:53"}}, {"pk": 21, "model": "assignments.assignmentsubmission", "fields": {"status": null, "assignment": 7, "comments": "", "score": null, "user": 5, "text": "", "date": "2010-07-18 17:35:31"}}, {"pk": 22, "model": "assignments.assignmentsubmission", "fields": {"status": 1, "assignment": 3, "comments": "", "score": 20, "user": 3, "text": "", "date": "2010-09-09 16:01:04"}}, {"pk": 23, "model": "assignments.assignmentsubmission", "fields": {"status": 1, "assignment": 6, "comments": "", "score": 20, "user": 3, "text": "Text for homework 2 submission.", "date": "2010-07-18 17:55:30"}}, {"pk": 24, "model": "assignments.assignmentsubmission", "fields": {"status": 1, "assignment": 6, "comments": "", "score": 15, "user": 4, "text": "text", "date": "2010-07-18 17:55:31"}}, {"pk": 25, "model": "assignments.assignmentsubmission", "fields": {"status": null, "assignment": 6, "comments": "", "score": null, "user": 5, "text": "", "date": "2010-07-18 17:55:20"}}, {"pk": 26, "model": "assignments.assignmentsubmission", "fields": {"status": null, "assignment": 9, "comments": "", "score": null, "user": 3, "text": "", "date": "2010-08-31 21:16:39"}}, {"pk": 27, "model": "assignments.assignmentsubmission", "fields": {"status": null, "assignment": 9, "comments": "", "score": null, "user": 4, "text": "", "date": "2010-08-31 21:16:39"}}, {"pk": 28, "model": "assignments.assignmentsubmission", "fields": {"status": null, "assignment": 9, "comments": "", "score": null, "user": 5, "text": "", "date": "2010-08-31 21:16:39"}}, {"pk": 1, "model": "assignments.assignmentfilesubmission", "fields": {"content_type": "application/msword", "file": "student1/2/ReactionPaper2.doc", "assignment_submission": 4}}, {"pk": 2, "model": "assignments.assignmentfilesubmission", "fields": {"content_type": "application/msword", "file": "student1/2/ReactionPaper1.doc", "assignment_submission": 4}}, {"pk": 3, "model": "assignments.assignmentfilesubmission", "fields": {"content_type": "application/msword", "file": "student1/6/ReactionPaper7.doc", "assignment_submission": 23}}, {"pk": 4, "model": "assignments.assignmentfilesubmission", "fields": {"content_type": "application/msword", "file": "student2/2/DescriptivePaper.doc", "assignment_submission": 5}}, {"pk": 5, "model": "assignments.assignmentfilesubmission", "fields": {"content_type": "application/msword", "file": "student2/6/EnglishFinal.doc", "assignment_submission": 24}}]